chinese_name,english_name,category,group,action_id,path,width,height,note,source_url,sha256
以太步,Aetherial Manipulation,Skills,BLM,155,Skills/BLM/Aetherial Manipulation.png,64,64,,https://xivintheshell.com/assets/Skills/BLM/Aetherial%20Manipulation.png,226c34a51ccdcaaa2a388c4e2db14d2a312f3672391a12ff491e3f94d0cbbaff
详述,Amplifier,Skills,BLM,25796,Skills/BLM/Amplifier.png,64,64,,https://xivintheshell.com/assets/Skills/BLM/Amplifier.png,ec12d404e8a0a3a84a61df2273abdcee349b194ffd47c9800859316b10de854e
魔纹步,Between the Lines,Skills,BLM,7419,Skills/BLM/Between the Lines.png,64,64,,https://xivintheshell.com/assets/Skills/BLM/Between%20the%20Lines.png,53fbc2aa4d2a159045d33e7ce9d66f0b6134255908516833c5ae768bfee752cc
冰结（冰1）,Blizzard,Skills,BLM,142,Skills/BLM/Blizzard.png,64,64,,https://xivintheshell.com/assets/Skills/BLM/Blizzard.png,e2477b975bc9e5579bb94b46511007799646d02445f4b1c92a3a20354a083b10
冰冻（冰2）,Blizzard 2,Skills,BLM,25793,Skills/BLM/Blizzard 2.png,64,64,,https://xivintheshell.com/assets/Skills/BLM/Blizzard%202.png,00d3e21bc891b6340f0b83676baee0937d988af27e933f792343b33a37fde84a
冰封（冰3）,Blizzard 3,Skills,BLM,154,Skills/BLM/Blizzard 3.png,64,64,,https://xivintheshell.com/assets/Skills/BLM/Blizzard%203.png,dc58c2968614f0d49fd3087c2700212de7533f1ae78f7795ef7ff364392eddef
冰澈（冰4）,Blizzard 4,Skills,BLM,3576,Skills/BLM/Blizzard 4.png,64,64,,https://xivintheshell.com/assets/Skills/BLM/Blizzard%204.png,6007e3e08be81da9ed6e272107467e775f0a12c43f6f7a17428cc2a02bdfa21c
绝望,Despair,Skills,BLM,16505,Skills/BLM/Despair.png,64,64,,https://xivintheshell.com/assets/Skills/BLM/Despair.png,d5e6a8bf7b2626e9aca55438dbbec37da0e20c240cd433b578d1c85cd75c3457
火炎（火1）,Fire,Skills,BLM,141,Skills/BLM/Fire.png,64,64,,https://xivintheshell.com/assets/Skills/BLM/Fire.png,866174712e8673c7c85a4f758f368f0ee8542454b67c38b62f7271ab9510398a
烈炎（火2）,Fire 2,Skills,BLM,147,Skills/BLM/Fire 2.png,64,64,,https://xivintheshell.com/assets/Skills/BLM/Fire%202.png,e902f522b1a42b50f0a67ac646892b02dce2e4e9b9e5cde54babd41af3e5b0a8
爆炎（火3）,Fire 3,Skills,BLM,152,Skills/BLM/Fire 3.png,64,64,,https://xivintheshell.com/assets/Skills/BLM/Fire%203.png,f944e9a418b2e48974cce7af60ecd1a4a7355e758730a1ebe13c2149261c1268
炽炎（火4）,Fire 4,Skills,BLM,3577,Skills/BLM/Fire 4.png,64,64,,https://xivintheshell.com/assets/Skills/BLM/Fire%204.png,9dbc220dbdcf79fbdc3ef45406956162dcdc7d8cfd354d12928e41a5d5deb4c9
核爆,Flare,Skills,BLM,162,Skills/BLM/Flare.png,64,64,,https://xivintheshell.com/assets/Skills/BLM/Flare.png,ba6f3b3e88faec368071287337003e487a942a7ae7d07f43e3287cbaf7e9a78e
耀星,Flare Star,Skills,BLM,36989,Skills/BLM/Flare Star.png,64,64,,https://xivintheshell.com/assets/Skills/BLM/Flare%20Star.png,90d397e49df65f4291f71f4b2d389657f9d60d791e7964b4c9192f0ec8062fbf
秽浊,Foul,Skills,BLM,7422,Skills/BLM/Foul.png,64,64,,https://xivintheshell.com/assets/Skills/BLM/Foul.png,7be56a8e941881bab150cad0a9ba127ae7a3e7b0a3aac23067bfa3ac9c02a4c6
玄冰,Freeze,Skills,BLM,159,Skills/BLM/Freeze.png,64,64,,https://xivintheshell.com/assets/Skills/BLM/Freeze.png,c880731255cd9acd24a1821cbf9d13878289cb521ca3022d9265cf9b910d74ee
高冰冻（高冰2）,High Blizzard 2,Skills,BLM,25795,Skills/BLM/High Blizzard 2.png,64,64,,https://xivintheshell.com/assets/Skills/BLM/High%20Blizzard%202.png,776fc3823b9b87ce7fc5c6e95a9b8bdf2cb3473308389aa3701b6d3f78b2b85d
高烈炎（高火2）,High Fire 2,Skills,BLM,25794,Skills/BLM/High Fire 2.png,64,64,,https://xivintheshell.com/assets/Skills/BLM/High%20Fire%202.png,48f8d118aa270270af0dabbe01e9633133f6824f0ffaf56e697e85c9d24a4d8c
高闪雷,High Thunder,Skills,BLM,36986,Skills/BLM/High Thunder.png,64,64,,https://xivintheshell.com/assets/Skills/BLM/High%20Thunder.png,43e65b2f3d1d39b90c98fe095b5322f08c5ca7e4d68466477689995aaa0d5c55
高震雷,High Thunder 2,Skills,BLM,36987,Skills/BLM/High Thunder 2.png,80,80,,https://xivintheshell.com/assets/Skills/BLM/High%20Thunder%202.png,1d8ba68d856b4adac0ab47ac92035d81c1236feec8b4ddf27881d689b27fbbca
黑魔纹,Ley Lines,Skills,BLM,3573,Skills/BLM/Ley Lines.png,64,64,,https://xivintheshell.com/assets/Skills/BLM/Ley%20Lines.png,38a717f4c94945476b53e5f00edc008af934e4110ff23d8dcb03505b0453a7d2
魔泉,Manafont,Skills,BLM,158,Skills/BLM/Manafont.png,64,64,,https://xivintheshell.com/assets/Skills/BLM/Manafont.png,add5c42169a64f971025a16c3b8c1117970768c3eb527949f77ac19014e4eef0
魔罩,Manaward,Skills,BLM,157,Skills/BLM/Manaward.png,64,64,,https://xivintheshell.com/assets/Skills/BLM/Manaward.png,f8606b12c1f478a6d4cc52423d9b28d95a7564c042d56f6e506f2462961b7a86
悖论,Paradox,Skills,BLM,25797,Skills/BLM/Paradox.png,64,64,,https://xivintheshell.com/assets/Skills/BLM/Paradox.png,3823ec00b8229b20c02beff1d34bbf71d7711ace95eb805a1e8c2dcab54544a2
魔纹重置,Retrace,Skills,BLM,36988,Skills/BLM/Retrace.png,64,64,,https://xivintheshell.com/assets/Skills/BLM/Retrace.png,d4dba39a2e3a00112b163c8ed3367587197fd4b5b7dff99f05b0f5f8bf6794f2
激情咏唱（旧版）,Sharpcast,Skills,BLM,,Skills/BLM/Sharpcast.png,64,64,旧版技能，网站资源保留,https://xivintheshell.com/assets/Skills/BLM/Sharpcast.png,fa50662b164c6c94029f036fcadb78af5d8241f3e7ae6213748d430815632756
暴雷（雷3）,Thunder 3,Skills,BLM,153,Skills/BLM/Thunder 3.png,64,64,,https://xivintheshell.com/assets/Skills/BLM/Thunder%203.png,6e40f804337fe8d3c5db896d2465c1bb18fae1686962b1b324cbcbbc1f6cc0e0
霹雷（雷4）,Thunder 4,Skills,BLM,7420,Skills/BLM/Thunder 4.png,80,80,,https://xivintheshell.com/assets/Skills/BLM/Thunder%204.png,f99c4789bc528f3ee5e915e5849ad983fc2c5fd06fcf6ddf53a790ccf6e7cd04
星灵移位,Transpose,Skills,BLM,149,Skills/BLM/Transpose.png,64,64,,https://xivintheshell.com/assets/Skills/BLM/Transpose.png,22659a3c990909ae90a6dfd707426cfe544c85a797423518354878846939c23a
三连咏唱,Triplecast,Skills,BLM,7421,Skills/BLM/Triplecast.png,64,64,,https://xivintheshell.com/assets/Skills/BLM/Triplecast.png,16727f975bff1432d329acda0fb4445107443d96cdfdeeebba4c66d8b30dff57
灵极魂,Umbral Soul,Skills,BLM,16506,Skills/BLM/Umbral Soul.png,64,64,,https://xivintheshell.com/assets/Skills/BLM/Umbral%20Soul.png,314e9d434b81c2ee4da36d13f1e224df7d60cee6f8cccabfdbc610523f4e0487
异言,Xenoglossy,Skills,BLM,16507,Skills/BLM/Xenoglossy.png,64,64,,https://xivintheshell.com/assets/Skills/BLM/Xenoglossy.png,c2e79f4ea032c3541f29c74de240b54595b1efc6da10893ac648638140213b3e
极限技（1段通用图标）,Limit Break 1,Skills,General,,Skills/General/Limit Break 1.png,80,80,,https://xivintheshell.com/assets/Skills/General/Limit%20Break%201.png,5209248e3ff1f27ab537ca1da050028fe94db0cdfc0042b84988a45302d5fe6b
极限技（2段通用图标）,Limit Break 2,Skills,General,,Skills/General/Limit Break 2.png,80,80,,https://xivintheshell.com/assets/Skills/General/Limit%20Break%202.png,39b6d3a122e6244d12353b559c24df9a64c9957f5f007148ab61f91195620518
极限技（3段通用图标）,Limit Break 3,Skills,General,,Skills/General/Limit Break 3.png,80,80,,https://xivintheshell.com/assets/Skills/General/Limit%20Break%203.png,509ef33f9d4376dc145ad6bf75ddeec8dee5f427075c01270ea89156ecaa4ad7
疾跑,Sprint,Skills,General,3,Skills/General/Sprint.png,80,80,,https://xivintheshell.com/assets/Skills/General/Sprint.png,d98fd423c86f83036b74f780f226f3e483f20339472884ba784c090afa6deaed
爆发药（通用）,Tincture,Skills,General,,Skills/General/Tincture.png,128,128,,https://xivintheshell.com/assets/Skills/General/Tincture.png,09a6b371a2b6bc01a8a2b07dfadd89b55fe738eac35557b261d55bbf7a18c341
昏乱,Addle,Skills,Role,7560,Skills/Role/Addle.png,64,64,,https://xivintheshell.com/assets/Skills/Role/Addle.png,33644b081ade6505f2758e1624421a80df313f665d7d7f8fc486547081685f2d
智力爆发药,Intelligence Tincture,Skills,Role,,Skills/Role/Intelligence Tincture.png,80,80,,https://xivintheshell.com/assets/Skills/Role/Intelligence%20Tincture.png,3e7632ab00968e4e7ad721c722cc10630f208919550249c160a5a3b2702fc8e3
醒梦,Lucid Dreaming,Skills,Role,7562,Skills/Role/Lucid Dreaming.png,64,64,,https://xivintheshell.com/assets/Skills/Role/Lucid%20Dreaming.png,e2df3c9e64bf2117c1013a8b6de182203e57ead34c281f4efc8a2c5316d8a13a
沉稳咏唱,Surecast,Skills,Role,7559,Skills/Role/Surecast.png,64,64,,https://xivintheshell.com/assets/Skills/Role/Surecast.png,a579126fe931f05fdf025d9ffaa39b6c5be0e091b3bf917b385ad766010fa327
即刻咏唱,Swiftcast,Skills,Role,7561,Skills/Role/Swiftcast.png,64,64,,https://xivintheshell.com/assets/Skills/Role/Swiftcast.png,af45a0bc3171d6e14151b4204a03bde1dc6c23d75e97216b110368fc48d20759
火苗,Firestarter,Buffs,BLM,,Buffs/BLM/Firestarter.png,48,64,,https://xivintheshell.com/assets/Buffs/BLM/Firestarter.png,1f496729bc4bf47940e8a972bddbaa463724b70f966a281980bb280c03bba1cb
高闪雷,High Thunder,Buffs,BLM,,Buffs/BLM/High Thunder.png,48,64,,https://xivintheshell.com/assets/Buffs/BLM/High%20Thunder.png,5234a4faa30863906ba07561d8e47a6ab44b8f05f01489f79f3d63a800c194ff
高震雷,High Thunder II,Buffs,BLM,,Buffs/BLM/High Thunder II.png,48,64,,https://xivintheshell.com/assets/Buffs/BLM/High%20Thunder%20II.png,04b0cfda23fb61b4d8a2ada0feaff2035aa479fb94ae5a9c3c3db580227acb57
黑魔纹,Ley Lines,Buffs,BLM,,Buffs/BLM/Ley Lines.png,48,64,,https://xivintheshell.com/assets/Buffs/BLM/Ley%20Lines.png,c0d33898b530099b089430a33f54717d1d781f6647d62e26dd02a5336ad7f47c
魔罩,Manaward,Buffs,BLM,,Buffs/BLM/Manaward.png,48,64,,https://xivintheshell.com/assets/Buffs/BLM/Manaward.png,844f165ed30ff648f87945e3b8771d8f599e67ce2a043cfd0e462c9d51697bdf
激情咏唱（旧版）,Sharpcast,Buffs,BLM,,Buffs/BLM/Sharpcast.png,48,64,旧版技能，网站资源保留,https://xivintheshell.com/assets/Buffs/BLM/Sharpcast.png,531e7a9f383626de71c1bf851854abea4949c0d3dab356d0940c4cd20fa4794d
暴雷,Thunder III,Buffs,BLM,,Buffs/BLM/Thunder III.png,48,64,,https://xivintheshell.com/assets/Buffs/BLM/Thunder%20III.png,2eb656181d445298852c6f0c168ee38a9b0a88d7827e20f4a7627298f9a1cb3a
霹雷,Thunder IV,Buffs,BLM,,Buffs/BLM/Thunder IV.png,48,64,,https://xivintheshell.com/assets/Buffs/BLM/Thunder%20IV.png,dc2f19da90365758bb1993a6cff16179bf8df97ef14fd380be00378b1f790047
雷砧,Thunderhead,Buffs,BLM,,Buffs/BLM/Thunderhead.png,48,64,,https://xivintheshell.com/assets/Buffs/BLM/Thunderhead.png,b7d42d4431444331c4b074fdc1299279cf11ef80d6c7963774c5acaf849708f9
三连咏唱,Triplecast,Buffs,BLM,,Buffs/BLM/Triplecast.png,48,64,,https://xivintheshell.com/assets/Buffs/BLM/Triplecast.png,4d0dc662e71773d0def977bc37694de00c8ba3d3d2c038c8786b3f265a681ea0
三连咏唱（2层）,Triplecast2,Buffs,BLM,,Buffs/BLM/Triplecast2.png,48,64,,https://xivintheshell.com/assets/Buffs/BLM/Triplecast2.png,92722d570bae2489202ce2be815c7798283197d52fbc71a261fb617fb34d7fa5
三连咏唱（3层）,Triplecast3,Buffs,BLM,,Buffs/BLM/Triplecast3.png,48,64,,https://xivintheshell.com/assets/Buffs/BLM/Triplecast3.png,ddb73f022bc862acf1283959f0de5a3b872f093268d7fcfbffb3243566fed8c4
疾跑,Sprint,Buffs,General,,Buffs/General/Sprint.png,48,64,,https://xivintheshell.com/assets/Buffs/General/Sprint.png,1a02d4697c118cba656e1d990352c9b9b250e52079027e52bd7a4ec0e5b88f41
爆发药（通用）,Tincture,Buffs,General,,Buffs/General/Tincture.png,48,64,,https://xivintheshell.com/assets/Buffs/General/Tincture.png,c678950ce2fc3e5bf932897254945cbdfb24d53380e8b9164ec6a3abf5f9f5e9
昏乱,Addle,Buffs,Role,,Buffs/Role/Addle.png,48,64,,https://xivintheshell.com/assets/Buffs/Role/Addle.png,ff38b1db6f3e6a56572e3cd60e9ba6d9c913fe146ee5ab0cec70ea1d0cc3e538
醒梦,Lucid Dreaming,Buffs,Role,,Buffs/Role/Lucid Dreaming.png,48,64,,https://xivintheshell.com/assets/Buffs/Role/Lucid%20Dreaming.png,a9e3c3144c69d6263ec9874aeff9094b96eddc7c262dba543cd94702616ae5d7
沉稳咏唱,Surecast,Buffs,Role,,Buffs/Role/Surecast.png,48,64,,https://xivintheshell.com/assets/Buffs/Role/Surecast.png,b9e90b4932d74ea3b4502f6edc6f85a8425f43c096588c4b4d6e9b88cfb69616
即刻咏唱,Swiftcast,Buffs,Role,,Buffs/Role/Swiftcast.png,48,64,,https://xivintheshell.com/assets/Buffs/Role/Swiftcast.png,a00599a47b9d36d11ef473ede04647b049fc5d09da5c10ba4841ef5c57685ee4
